Entity,Code,1950,1951,1952,1953,1954,1955,1956,1957,1958,1959,1960,1961,1962,1963,1964,1965,1966,1967,1968,1969,1970,1971,1972,1973,1974,1975,1976,1977,1978,1979,1980,1981,1982,1983,1984,1985,1986,1987,1988,1989,1990,1991,1992,1993,1994,1995,1996,1997,1998,1999,2000,2001,2002,2003,2004,2005,2006,2007,2008,2009,2010,2011,2012,2013,2014,2015,2016,2017
Argentina,ARG,3.1323583,3.1537223,2.8275332,2.963201,3.0450959,3.2100456,3.2442515,3.3627226,3.5632772,3.305795,3.5032043,3.5834718,3.6150167,3.4547565,3.5960059,4.0012131,4.0533223,4.1533222,4.2373619,4.6145616,4.7078919,4.8136106,4.8590355,5.0915828,5.1528296,5.0658374,5.0872693,5.3133326,5.203927,5.4606805,5.4924817,5.5658088,5.7907901,6.1241703,6.4134645,6.2528167,6.801054,7.1421461,7.5077691,7.210247,7.9278641,9.1064196,10.624586,12.120313,13.41672,15.668852,19.797655,18.918245,18.077232,16.997791,17.088823,16.888453,16.212681,16.699135,16.864653,17.18429,17.67194,18.664129,19.550049,18.543003,20.23,21.44911,21.437298,21.548719,21.15003,21.29937,21.183163,21.749641
Australia,AUS,13.322768,12.820562,12.497678,14.030227,14.992547,15.641343,15.745474,15.792577,17.090656,18.153866,18.05427,18.552853,19.15642,19.981464,20.298876,19.985029,20.664099,20.986965,22.093,23.179087,23.250698,23.88142,24.58086,25.215528,23.592522,24.323568,24.920927,25.126692,26.238943,26.66614,26.848894,28.003149,27.646475,29.969896,29.874096,29.848671,29.151663,30.814905,31.502882,31.221367,31.074718,31.9223,33.419811,34.15519,34.381001,34.892288,36.566433,38.199703,39.136868,40.284904,40.52187,42.122478,42.412212,43.462162,44.333633,45.976162,46.081429,45.908466,47.30357,47.501831,50.50304,52.322773,52.503056,53.549725,54.28088,51.537594,54.122646,54.590942
Austria,AUT,5.9696288,6.162632,6.4790483,6.8858743,7.1864848,7.5257998,7.8418093,8.0817518,8.3513241,8.5183754,8.9745646,9.4762421,9.8458424,10.383104,10.973978,11.466452,12.227798,12.888776,13.711351,14.518495,15.88798,16.59812,17.305473,18.008989,17.65505,18.503149,18.938335,19.471764,19.948812,20.318121,20.369226,21.193405,21.373768,21.87994,21.847567,22.344339,23.38624,24.417728,25.874746,26.74239,27.954485,28.820869,30.511366,31.410557,32.901096,34.834599,34.784927,36.095364,37.60099,38.359661,40.138851,39.229034,40.157379,41.077126,42.398453,46.62809,47.237778,48.215248,49.313515,48.581207,49.893505,50.874996,52.943409,52.703903,54.838917,56.620911,56.392387,57.436661
Bangladesh,BGD,,,,,,,,,,,,,,,,,,,,,1.8953897,1.8983259,1.8334224,1.5848912,1.6094662,1.5162408,1.6680732,1.7533752,1.766281,1.8315349,1.7852416,1.7565951,1.6860377,1.6515626,1.7403839,1.7978721,1.8405169,1.8032814,1.8451234,2.0238979,1.9992708,1.9661965,1.9744751,1.9771698,2.0216656,2.0671575,2.0779238,2.0096374,1.937279,1.8294529,1.84047,1.9230654,2.0537422,2.1522231,2.0759661,2.0427415,2.1174192,2.2973101,2.5062399,2.6503162,2.94453,3.2647588,3.162133,3.3607697,3.4916494,3.6578555,3.7545421,3.9739883
Barbados,BRB,,,,,,,,,,,,,,,,,,,,,,,,,,,,,,,,,,,,,,,,,,27.340712,29.273386,30.164011,28.45512,28.198967,30.013926,30.543013,27.105417,26.935707,25.979296,23.152149,,,,,,,,,,,,,,,,
Belgium,BEL,8.6786203,9.0527563,9.2655239,9.5683317,10.024344,10.478901,10.809063,10.965244,10.985106,11.47072,11.852278,12.48473,13.036123,13.52477,14.355681,14.887735,15.335458,16.083799,16.881472,17.735731,18.879803,19.582233,21.121284,22.739283,23.857542,24.089537,25.782715,26.630163,27.906719,28.773849,31.193539,30.662487,30.300247,29.649204,29.181053,27.468054,29.570097,31.264128,33.354702,33.959206,34.837952,36.063713,37.993351,39.598164,40.748886,41.033962,41.592304,42.932175,42.208862,43.694687,45.309151,44.999535,46.538719,48.612476,49.49155,54.604336,52.271511,52.69931,56.75782,55.784901,60.096947,59.850201,60.874744,60.601669,60.029507,58.377346,58.206379,59.649548
Brazil,BRA,2.0183465,2.0136688,2.1577322,2.1518674,2.2624547,2.3556316,2.3613508,2.4894896,2.5451198,2.5776834,2.7296708,3.0353971,3.1873901,3.3214586,3.3864095,3.5131247,3.5909734,3.7938762,4.0813117,4.0495768,4.4857993,4.8023939,5.1513901,5.2654266,5.6428123,5.7889414,6.1752005,5.8081079,5.904983,6.4813375,6.6202435,6.6234407,6.4661374,6.3414092,6.3196597,6.2176189,6.9551373,6.9812369,6.8414459,6.8902206,6.5807037,7.2070551,7.4406695,7.9495263,8.8503571,10.196321,12.525192,11.974554,11.557292,10.752215,10.44435,10.375819,10.113252,9.9569731,10.033028,10.218953,10.876312,11.895355,13.056262,13.475542,15.366799,16.950859,16.957285,17.148949,16.800144,16.322033,16.182266,16.340326
Bulgaria,BGR,,,,,,,,,,,,,,,,,,,,,,,,,,,,,,,,,,,,,,,,,,,,,,10.877464,9.5132685,8.4673223,9.374527,11.513647,13.112293,13.425004,13.879546,13.96178,14.023319,15.207089,15.638757,16.475576,16.860069,17.045033,18.586483,19.28912,20.312969,19.902174,20.592684,21.212688,22.20866,23.260147
Cambodia,KHM,,,,,,,,,,,,,,,,,,,,,,,,,,,,,,,,,,,,,,,,,,,,1.2866514,1.4233295,1.484109,1.3500617,1.3137631,1.1839105,1.2092823,1.2382288,1.2456648,1.2573605,1.3115678,1.3320304,1.4915071,1.5330265,1.6654518,1.7986577,1.6651466,1.7318,1.8397888,1.9416935,2.1547282,2.1629019,2.2603822,2.1720238,2.2441418
Canada,CAN,11.386551,11.552659,12.519122,13.046285,13.125496,14.242355,14.883037,15.204967,16.148638,16.542667,17.304464,18.185509,18.899683,19.613056,20.408737,20.987938,21.936708,22.262802,23.725767,24.448112,25.394405,26.407663,26.97714,27.587763,27.074583,27.411066,28.787043,29.621363,29.926588,29.727093,29.696297,30.136196,30.818825,31.821457,33.058121,32.577175,32.126659,33.229385,33.719601,34.402771,34.59663,34.677727,35.412407,36.012608,36.842808,38.139107,38.40099,39.299183,39.019329,40.714176,42.451405,41.892647,41.606812,42.973328,43.813068,46.731682,46.314728,46.369289,47.759228,44.566868,46.686527,48.667168,48.724464,49.829941,52.130924,48.761402,48.724659,49.533581
Chile,CHL,,4.694901,5.0741653,5.1893678,5.530427,5.3936324,5.2944708,5.8242068,6.0369315,5.965313,6.3290901,6.0475316,7.467288,7.6551547,7.8254557,7.4524455,8.2457352,8.6067953,8.7019596,9.1971159,9.2148323,10.054305,9.6876345,9.3433104,9.1872559,8.0968466,8.3391199,8.7233276,9.3342371,9.9277401,9.9901609,10.293,9.634675,8.7419806,8.6513767,8.1381254,8.0961027,8.3799934,8.6596832,8.9777613,8.9945631,9.5753498,10.26972,10.486057,11.490346,13.203197,13.773369,14.096206,13.398358,13.095334,13.44909,13.356107,13.163943,13.319978,14.5016,16.219107,18.554628,19.937067,19.130981,19.867517,21.550421,23.058468,24.894268,24.442171,25.616693,25.208193,25.770044,25.596708
China,CHN,,,,,,,,,,,,,,,,,,,,,1.6174201,1.6632441,1.6360638,1.7166897,1.7275367,1.7514949,1.6652614,1.6975615,1.865437,1.9107265,1.9097193,1.8351896,1.8814691,1.9721537,2.1565759,2.3281271,2.3524551,2.409761,2.4513965,2.3255014,2.2291055,2.2962003,2.4765303,2.750895,2.8289464,2.9610353,3.1225436,3.0936859,3.0778956,3.2446113,3.4473243,3.6770813,3.9378955,4.106883,4.3889828,4.8437572,5.2627792,5.7209096,6.1198874,6.6282911,7.5316753,8.2591143,8.558217,9.01577,9.5472193,9.7453976,10.073822,10.679488
Colombia,COL,4.2666082,4.2727146,4.4953623,4.8134828,5.1989989,5.3169446,5.3496852,5.2500877,5.1556659,5.3723812,5.5958824,5.813529,5.94489,5.9775853,6.3284445,6.1964245,6.336864,6.368701,6.5705194,6.7918525,7.0923982,7.6380906,8.1717615,8.8172808,9.2833366,9.3414326,9.6803379,9.7138901,10.148959,10.22547,10.526426,10.16589,10.074827,10.057531,10.212815,9.9929991,10.306991,9.9441347,9.9516754,9.7504997,9.8660517,9.3109961,9.6486254,9.6739311,9.7739553,9.7689028,9.7317944,9.7464161,9.5423279,9.1415796,8.8443108,8.7642984,8.4560556,8.4356642,8.8744545,9.2080898,10.099349,10.881798,11.519242,11.278932,11.932921,12.829151,13.124943,13.498081,13.722745,13.252648,13.394485,13.624675
Costa Rica,CRI,,,,,,,,,,,,,,,,,,,,,,,,,,,,,,,,,,,,,,9.2562494,9.2234621,9.5416765,9.4334297,9.9479771,10.167526,10.367367,10.312392,10.538902,10.275871,10.051365,10.445995,10.377147,10.625444,10.646488,10.424993,10.466956,10.752545,10.92256,10.783611,10.704572,11.164248,12.272579,13.246943,14.130107,13.661233,14.106655,14.991574,15.579279,16.333437,16.573801
Croatia,HRV,,,,,,,,,,,,,,,,,,,,,,,,,,,,,,,,,,,,,,,,,,,,,,13.559002,14.035974,15.232103,15.676184,16.039589,17.42449,18.496187,19.873205,20.643511,21.032591,22.697006,24.102514,25.252413,26.355976,25.276468,25.818447,27.837435,29.592051,29.508682,28.892735,31.06296,32.297134,34.250996
Cyprus,CYP,,,,,,,,,,,,,,,,,,,,,,,,,,,,,,,,,,,,,,,,,,,,,,28.911995,28.540253,29.082697,28.244287,29.758604,33.709671,33.361568,32.24649,29.114841,29.314964,33.618988,34.532082,34.332047,35.067692,35.625862,36.305305,36.736736,38.530453,38.824921,37.900982,41.085045,41.546505,42.187675
Czechia,CZE,,,,,,,,,,,,,,,,,,,,,,,,,,,,,,,,,,,,,,,,,,,,19.616669,20.674168,21.223576,22.120539,21.409224,20.760693,20.959059,21.76993,23.743925,23.186016,24.556274,25.123377,26.817575,27.30644,29.348255,30.203522,29.710907,30.004965,30.976297,31.208853,31.387775,32.350433,33.047848,32.989727,34.756939
Denmark,DNK,9.8447495,9.629014,9.9935141,10.489171,10.818468,10.871261,11.251428,11.893666,12.150289,13.02837,13.691865,14.259573,14.629579,14.584793,15.381495,15.674331,15.711294,16.802721,18.042282,19.268829,19.525497,20.4807,21.631342,22.771713,22.808006,23.639959,24.435106,25.494823,26.368177,27.323477,27.34944,27.289099,27.499319,27.861311,28.173611,28.23629,29.592407,30.867737,31.459677,32.087204,33.41666,33.935421,35.197792,35.57349,37.533596,38.273102,39.553009,40.617161,40.86953,42.014477,43.913395,43.389111,43.400513,44.814697,47.406631,51.236633,51.922703,52.967224,55.808689,55.829517,60.743645,62.033966,61.97694,61.509865,61.475842,60.947285,61.562832,64.705177
Ecuador,ECU,,,,,,,,,,,,,,,,,,,,,,,,,,,,,,,,,,,,,,,,,,,,,,6.8731852,6.9549665,6.9423661,6.9087791,6.8470683,6.8587437,6.6881042,7.7099442,7.979218,8.4509296,9.4252129,10.052174,10.570633,11.239181,11.050797,12.024403,13.277621,13.616939,14.084748,14.471516,13.159917,12.277091,12.181006
Estonia,EST,,,,,,,,,,,,,,,,,,,,,,,,,,,,,,,,,,,,,,,,,,,,,,10.437742,11.472614,11.485224,11.552489,11.937469,13.12498,13.763774,14.550543,15.214787,15.888641,18.600779,19.281914,21.388815,22.192236,23.795826,25.662985,26.16188,27.522696,27.973196,27.948025,26.73451,27.188126,28.027826
Finland,FIN,5.6193862,6.2699661,6.3605037,6.2312756,6.8679724,7.3651781,7.4310479,7.3708639,7.2656007,8.0920639,8.6761541,9.3721313,9.6237783,9.6841555,9.8750172,10.390108,10.813341,11.428539,12.304156,13.469744,14.346644,14.947979,15.940395,16.891106,17.569725,17.249331,18.186285,18.830261,19.828905,20.13595,20.850632,21.287642,21.32478,21.726149,21.967854,22.118837,23.921709,24.846409,26.173006,26.841505,27.880587,28.12361,28.838795,30.361605,31.614178,35.098942,34.569042,36.622929,39.128036,40.052338,41.304012,41.449142,40.986115,41.910137,43.552368,46.083672,46.334465,49.339184,50.344357,48.018772,49.710518,50.432434,50.055206,48.873863,49.116013,50.37709,51.384846,52.561089
France,FRA,6.8013196,7.0541196,7.270051,7.6464977,8.0162497,8.4454956,8.9616661,9.4992647,9.8766336,10.18633,10.96286,11.612323,12.327759,13.104335,13.770318,14.445487,15.157369,16.111916,17.025105,18.613039,19.646244,20.73744,22.258755,23.693264,24.945959,25.281353,25.897589,27.281403,28.870447,29.973269,30.632158,30.384779,31.554348,31.403904,31.343943,31.509838,33.122116,33.495731,34.632015,35.764862,36.695759,36.900764,37.824879,38.277187,38.882839,39.836193,40.52491,42.497635,44.295265,45.468002,47.608971,48.895962,50.078735,48.784325,48.998341,52.823704,54.199505,55.211666,55.132225,54.625366,56.513912,57.706932,57.548756,59.160408,59.467934,60.860722,61.625038,62.785526
Germany,DEU,4.2701316,4.689198,5.0812659,5.4334683,5.7973208,6.480773,6.9105692,7.2417564,7.5023503,8.150012,8.9240942,9.3035431,9.7840462,10.136098,10.827908,11.409735,11.897876,12.249604,13.008465,13.996504,14.716007,15.428338,16.364073,17.429588,18.148336,18.812185,19.664421,20.54294,21.313478,22.182579,22.54389,22.378866,22.186031,22.533554,22.777945,22.910469,24.73081,25.958847,27.272127,28.696114,31.568253,34.752674,36.276794,37.758373,39.318115,40.886547,41.956078,43.722958,44.830975,46.446682,47.245243,48.402744,48.946472,50.749966,52.033943,55.15741,55.355732,57.627258,58.517673,56.404095,58.186855,60.345444,60.103127,61.477345,63.050556,62.594673,64.647247,66.710243
Greece,GRC,,3.8646245,3.6316969,3.9856696,3.8982344,4.0170746,4.2144418,4.5397196,4.7537484,4.9538355,5.0523572,5.7651033,5.7451344,6.6238961,7.2308264,8.1162462,8.8652363,9.4665995,10.267565,11.539411,12.873272,13.824435,15.139989,16.049355,14.907479,15.714827,16.539822,16.701761,17.770731,17.895142,17.936003,17.048676,16.654364,16.354397,16.77224,16.971737,17.596601,17.37145,18.249548,19.071854,19.064899,20.743582,20.70425,20.898998,21.486057,21.962475,22.727127,24.865538,25.197258,25.727411,26.897448,27.937273,28.492847,28.288849,29.032797,28.650883,30.480707,30.256641,30.80826,30.409355,30.012945,28.866495,29.019201,30.108801,30.253761,30.193913,29.757895,30.181442
Hong Kong,HKG,,,,,,,,,,,4.7332344,4.8399835,5.1392317,5.6095858,5.9592857,6.5908237,6.8016443,6.820941,7.0080466,7.6221442,8.1196938,8.3956556,8.9430513,9.6343908,9.3708038,9.125103,10.236541,11.093947,11.79705,12.613194,13.005639,13.015513,13.405648,14.164781,15.085391,14.58288,16.133471,18.67944,18.706991,20.568092,23.038931,23.78685,27.033794,27.880383,28.364826,29.591511,29.425987,29.737524,27.942493,27.994303,30.058165,31.537134,33.090439,34.582882,38.466343,40.171658,36.785652,37.745018,37.166389,33.858013,36.10664,38.807663,39.321583,44.501854,39.781631,34.621464,34.636333,35.351849
Hungary,HUN,,,,,,,,,,,,,,,,,,,,,,,,,,,,,,,9.7121964,9.4563618,10.026383,10.094638,10.624884,10.798676,11.439337,12.005531,12.044242,12.571572,12.987509,12.662463,14.155581,16.076666,16.064665,16.317806,16.782038,16.438791,16.304708,15.998364,17.022154,18.391636,19.270603,20.185104,20.083101,22.315027,22.206665,22.420172,24.733334,24.743017,26.36804,27.50511,27.32699,27.302567,26.201807,25.77124,24.49296,25.323359
Iceland,ISL,,,,,,,,,,,,,,,15.305504,16.171722,16.966124,16.718006,15.663001,16.55809,17.262842,20.020458,19.64529,21.550756,22.626572,22.681885,22.303335,25.565332,26.574371,27.845812,28.851767,28.933359,29.119734,26.27413,28.394587,27.040451,28.612049,30.275549,32.193981,31.340645,31.660143,32.187012,30.940588,31.190916,32.491634,31.630154,31.972403,35.395988,36.016937,37.761925,35.734692,36.914505,38.116077,38.93137,40.990265,43.735115,41.017879,42.293034,53.502907,51.966198,47.910744,47.348431,48.557827,47.482792,47.434498,47.978832,48.096577,48.085415
India,IND,,,,,,,,,,,,,,,,,,,,,1.5841233,1.5942718,1.583451,1.6362197,1.5696566,1.6787913,1.607498,1.5615522,1.4982196,1.3632333,1.3488595,1.298887,1.2442565,1.2238344,1.2058848,1.2038138,1.2501929,1.3098626,1.3895913,1.45433,1.5154742,1.5047181,1.5607992,1.6255416,1.7193984,1.8339047,1.9785032,2.0774083,2.2059414,2.3323698,2.382719,2.4355893,2.5015376,2.6603591,2.7746389,3.147059,3.5525711,4.0003366,4.2570391,4.5577397,5.2355585,5.6497903,5.9812398,6.1617236,6.4680362,6.7829533,7.1186538,7.5529184
Indonesia,IDN,,,,,,,,,,,,,,,,,,,,,1.9394928,2.0201466,2.1687393,2.3322968,2.4270458,2.4353302,2.5253441,2.6745601,2.7102113,2.9237275,3.1593945,3.2270408,3.0839977,3.2223959,3.3021755,3.2424798,3.2509766,3.2640777,3.284507,3.5819881,3.9022977,4.1773977,4.4065223,4.6538272,4.7576356,5.3412118,5.472012,5.4717836,4.3882914,4.348443,4.2429333,4.2601643,4.3371506,4.2960224,4.5891104,5.0369921,5.4479251,5.5765514,6.4795198,6.9240618,7.9644461,9.6639261,10.016643,10.29667,10.634439,10.614254,10.881228,11.26875
Ireland,IRL,4.6520672,4.7960143,5.0713482,5.2850451,5.4477811,5.6856503,5.7158661,5.9278841,5.936121,6.2691798,6.6444473,6.9757199,7.0762367,7.3548646,7.5354857,7.652905,7.788178,8.2898235,8.8953419,9.2989292,9.5386715,9.7948561,10.796545,11.330677,11.631923,12.319241,13.01738,14.038075,15.310881,15.539208,16.612619,17.224358,17.575886,17.462296,18.375029,18.401812,19.277132,20.662546,21.348442,22.595661,23.490772,24.454733,26.775665,28.355059,28.827583,31.828932,33.300354,35.913139,37.050026,38.412872,41.289856,43.283875,48.344299,52.285908,53.886658,56.445492,56.021301,59.531723,57.871777,60.784943,64.20047,69.324318,70.531242,68.966652,72.749329,91.498856,96.044075,99.129036
Israel,ISR,,,,,,,,,,,,,,,,,,,,,,,,,,,,,,,,22.177824,22.72636,23.110632,23.102547,23.673502,25.022482,26.465483,27.106966,26.04278,28.125198,29.227591,29.629511,29.446829,28.824434,29.301863,30.075846,31.013042,32.232731,33.009254,34.850361,35.714134,35.279224,33.937851,33.752567,33.158165,32.770725,31.606594,30.527592,31.349033,31.81395,32.39439,33.366642,34.766922,36.690536,37.777508,37.812836,38.105255
Italy,ITA,4.5877404,4.9516559,5.0500383,5.3448434,5.4881282,5.8556032,6.0401444,6.2510185,6.4838281,6.922143,7.5328245,8.1778746,8.8652744,9.4922037,9.813879,10.628944,11.30651,11.83678,12.65291,13.534912,15.483587,16.259562,17.275341,18.70517,20.076382,19.949717,21.778297,23.246664,24.654202,26.696453,28.089077,27.497166,26.794643,26.38648,26.879433,26.911936,28.383823,29.438852,30.353039,31.663248,32.741028,33.237125,34.054062,34.947403,36.817905,38.633854,38.990223,40.652035,41.815304,42.606289,43.254021,42.523666,41.376347,41.153084,41.170815,42.700417,43.351158,44.729683,46.08728,45.958931,46.788708,48.193611,49.051674,50.018944,50.468079,50.793781,52.314011,53.288624
Jamaica,JAM,,,,,,,,,,,,,,,,,,,,,,,,,,,,,,,,,,,,,5.7625856,6.0856934,6.091866,5.9378223,6.3745542,6.1127148,6.426918,6.9411416,6.807198,6.6698546,6.7894325,6.8138351,6.8420506,7.2047024,7.4350014,7.406148,6.8554025,,,,,,,,,,,,,,,
Japan,JPN,2.6416044,2.8877783,3.1381619,3.2359278,3.3162682,3.4288476,3.5074923,3.62273,3.8242962,4.1067042,4.5029607,4.9275827,5.3882985,5.8036437,6.3578391,6.7028208,7.2190166,7.7750969,8.6068325,9.6502132,10.598037,11.176849,12.112369,12.88447,13.210339,14.038105,14.657567,15.420078,16.397501,17.27833,18.131681,18.012115,17.606657,17.006542,16.904806,17.456308,18.919258,20.112009,21.929787,23.405376,25.24828,26.535292,27.870647,29.123993,30.292086,31.839857,33.418446,33.877354,34.128277,34.958954,35.987274,36.063423,36.683716,37.241158,37.814915,38.687721,38.737988,39.345524,39.054733,38.6922,40.082291,39.667797,40.031647,40.966282,41.293217,42.423306,42.93734,43.353165
Latvia,LVA,,,,,,,,,,,,,,,,,,,,,,,,,,,,,,,,,,,,,,,,,,,,,,11.447538,11.439307,11.195974,11.794693,12.378227,13.533331,14.201197,14.782426,15.111043,16.044943,17.782686,17.810238,18.968021,18.979692,19.657207,21.776661,22.929264,23.571009,23.512043,24.644011,25.696749,26.077209,28.094965
Lithuania,LTU,,,,,,,,,,,,,,,,,,,,,,,,,,,,,,,,,,,,,,,,,,,,,,11.855721,12.216553,12.615856,12.777075,13.914318,14.552949,16.335327,16.287048,17.722256,17.196552,19.13722,20.377287,21.329887,22.532894,21.980915,24.338167,26.741983,27.75699,27.958414,28.783911,28.156935,27.448,29.458128
Luxembourg,LUX,,,,,,,,,,,,,,,,,,,,,26.17909,24.564047,26.082056,29.065872,30.673882,26.647738,28.103693,28.668348,30.671824,31.933411,32.587322,31.709505,32.185116,32.248829,31.948193,31.132603,35.341984,35.540596,37.858936,41.161938,41.617321,44.977413,45.001858,47.300159,49.26022,48.09613,47.516258,50.361565,52.413074,56.052296,59.01926,53.063766,50.471725,48.430092,44.107048,55.301788,52.911804,53.687717,50.628395,48.239399,53.972374,50.240917,54.101482,52.159534,60.408566,64.46772,66.75119,68.358604
Malaysia,MYS,,,,,,,,,,,,,,,,,,,,,4.7563233,5.6276474,5.8634524,6.4009914,6.8671517,6.4251142,6.9302616,7.2435751,7.493155,7.8679495,8.2849054,8.3380098,8.5668869,8.7596397,9.222353,8.3986816,7.6269732,7.8760967,8.3311663,8.8379889,9.4929838,10.45625,10.580027,11.021991,11.718343,12.849292,12.748937,13.119807,11.180703,11.436366,12.649364,12.386515,12.749137,13.257806,14.476154,16.135464,16.163841,17.608519,19.780594,18.132915,18.19565,19.913088,20.517605,20.846027,20.827621,20.386311,20.853537,21.680056
Malta,MLT,,,,,,,,,,,,,,,,,,,,,,,,,,,,,,,,,,,,,,,,,,,,,17.554043,16.954967,16.710199,19.198071,19.856926,20.92001,25.952534,23.714428,23.616001,25.283684,25.016579,27.146441,26.248434,27.107523,26.367662,26.293644,27.713211,28.098928,28.33428,27.474531,27.140625,31.942499,30.936943,32.872604
Mexico,MEX,6.6334438,7.1002359,7.3209052,7.1446204,7.841713,8.3944101,8.8614349,9.3961611,9.7225962,9.8430424,10.439363,10.500389,10.654336,11.362803,12.597512,12.950069,13.396132,13.743291,14.553264,14.728601,15.225048,15.048581,15.439597,15.817816,15.92158,15.767284,15.923294,15.84034,16.499266,17.185856,17.825411,18.711941,17.919704,16.78401,16.711336,16.090073,14.666319,14.437977,14.059903,14.081478,14.497779,14.705164,14.818975,15.972627,16.254641,13.234575,12.920805,13.084893,13.897405,14.024827,14.652164,14.764512,14.336505,14.220852,14.684646,15.436988,15.513893,15.823824,15.835861,15.435143,15.391223,16.635841,16.627001,17.227352,18.125242,17.509512,17.575348,17.716841
Myanmar,MMR,,,,,,,,,,,,,,,,,,,,,0.6536115,0.65674,0.6342771,0.6224697,0.6209127,0.6271065,0.6276598,0.6217685,0.6172441,0.6237844,0.6601874,0.6823441,0.7120338,0.7272512,0.7576739,0.7525248,0.7277279,0.6852441,0.5816349,0.5827593,0.6224836,0.5913529,0.6231291,0.7904139,0.7511323,0.8226937,0.8131406,0.7953779,0.9169052,0.8720253,0.8363698,0.8809705,0.8813392,1.0113103,1.0757315,1.215257,1.3462602,1.5040795,1.7614514,1.9171978,2.4152381,2.7545233,3.0306535,3.4592371,3.7327595,3.8348627,3.8518491,4.0099111
Netherlands,NLD,9.3215342,9.804594,10.153689,10.873291,11.30118,12.134967,12.518307,13.009415,13.175454,13.893889,15.040569,15.180079,15.550998,15.485806,16.995474,17.586653,17.790512,18.845137,19.910612,19.845654,21.203167,22.55757,23.58111,25.39744,28.335426,28.897024,30.401934,31.135162,32.1604,32.869022,33.761421,32.996433,32.85379,33.526943,34.072514,33.021484,34.058048,34.184204,35.000015,35.658237,36.973812,37.697166,37.567348,38.959568,39.587971,40.318356,40.727177,42.674381,43.165665,45.329002,49.454227,49.577644,49.88224,50.48254,51.226521,58.245831,58.464386,60.577805,62.078987,57.816067,58.601719,59.323879,61.029037,65.256027,61.949635,60.876217,59.382244,61.431767
New Zealand,NZL,,,,,,,,,,,,,,,,,,,,,18.008009,18.432245,19.261206,20.451082,20.542311,19.615709,20.044687,19.238613,17.972296,17.837635,17.87315,18.812466,19.006144,20.279037,21.046213,20.248075,21.49567,22.277056,24.169104,25.209368,25.415318,25.473747,25.87232,26.368521,26.942753,27.271931,27.969702,29.011072,29.633595,30.698193,30.599773,30.917597,30.903254,31.271137,30.317465,30.880188,30.932262,32.86245,33.118595,34.373581,35.145561,36.16444,36.60627,37.645927,38.48402,38.5625,39.368458,38.800846
Nigeria,NGA,,,,,,,,,,,,,,,,,,,,,,,,,,,,,,,,,,,,,,,,,,,,,,,,,,,,,,,,,,,,,7.9915104,8.203433,9.1184845,9.0460615,8.9847279,8.8187447,7.1218705,6.8703432
Norway,NOR,8.4999638,8.9981871,9.4967155,10.025637,10.34576,10.744579,11.217801,11.802495,11.903381,12.274018,12.508367,13.142096,13.410333,13.879857,14.631478,15.677475,16.167313,17.24033,18.22472,19.268667,15.699322,16.908928,18.865122,19.453407,21.205976,23.493271,26.105289,26.79162,29.11027,30.945147,32.188869,32.270409,32.196674,33.901089,35.842377,35.301304,33.138279,33.923038,32.681862,35.029922,39.263771,39.801662,40.874657,41.115425,42.212753,45.056938,49.827129,51.312538,47.631477,52.764805,65.822556,67.511391,65.42881,71.975746,75.303345,92.042786,97.2388,94.310295,103.7504,89.443871,96.927681,105.88589,109.77214,107.97221,99.664436,83.146919,79.052994,80.832024
Pakistan,PAK,,,,,,,,,,,,,,,,,,,,,3.0347986,2.9374449,3.0468557,3.0612679,3.0343907,2.9860702,3.0757358,3.0865226,3.2152219,3.2858694,3.4849205,3.6051576,3.6653032,3.8176045,3.86764,4.0114732,4.1029687,4.1662159,4.4611816,4.5270109,4.3950729,4.4460163,4.5291357,4.4366207,4.4411349,4.6345468,4.8694453,4.6896267,4.7048235,4.7043395,4.9108515,4.8996067,4.933825,4.9542279,5.1384668,5.6253428,5.7707,6.1128249,6.3127513,6.5133333,6.7230115,7.0688071,7.1446867,7.2425332,7.5533972,7.6864133,7.8258204,8.1883068
Peru,PER,2.6272032,2.7758014,2.8786111,2.9714112,3.0996504,3.2029545,3.2522697,3.4455953,3.336787,3.3404062,3.6187081,3.8177428,4.0950212,4.2594275,4.4751191,4.6956964,4.9764743,5.1424251,5.0471034,5.2071528,5.2877631,5.3984265,5.3394804,5.6065001,5.8918033,6.0582299,5.9483895,5.7643752,5.5086565,5.527545,5.8584342,6.1370044,6.001986,5.2965035,5.3520236,5.247057,5.5740142,6.0333061,5.6993794,4.6590481,4.5957327,4.4967074,4.5993495,4.7600169,5.290617,5.6529398,5.7608423,6.0271225,5.6625757,5.6105671,5.1932569,5.2105575,5.3580718,5.6131239,5.9544873,6.4885759,7.0596633,7.580441,8.1551056,8.1626272,9.2393875,10.031083,10.476438,10.791739,11.031838,10.910213,11.112116,11.187585
Philippines,PHL,,,,,,,,,,,,,,,,,,,,,3.6095529,3.5569344,3.5917156,3.7365446,3.8301911,4.0898266,4.3337464,4.3143649,4.2922134,4.1474032,4.5457911,4.532084,4.6646986,4.4522271,4.0170178,3.6887505,3.7764032,4.0775466,4.4114475,4.6352243,5.0231724,4.9968767,5.0487804,5.3014932,5.7162118,6.2169986,6.5327673,6.6125526,6.0313096,5.6679535,5.880661,5.6131778,5.5719724,5.5593014,5.5342922,5.5881262,5.8933158,6.1514235,6.4201455,6.490972,6.9427061,7.3528395,7.5580559,8.0290146,8.3025208,8.5515108,8.9257526,9.6389256
Poland,POL,,,,,,,,,,,,,,,,,,,,,,,,,,,,,,,,,,,,,,,,,,,,11.950162,12.641659,13.709008,14.599551,15.165374,15.562293,16.568731,17.343266,17.793726,18.814718,19.16564,19.659519,20.315781,20.411503,21.269712,21.903019,22.790068,25.73745,27.43997,28.418705,28.529173,28.346479,29.156763,29.509626,31.061352
Portugal,PRT,3.0793178,3.4267573,3.5581932,3.7327213,3.8813853,4.0136628,4.1867156,4.4951367,4.4093218,4.6563468,4.9707599,5.2671556,5.6824179,6.0668659,6.3661032,6.8736205,7.1176395,7.7457638,8.8887825,9.2621365,9.8662033,10.295086,11.038831,12.198849,11.498528,10.578391,11.195163,11.652396,11.946731,12.377824,12.648607,12.59174,12.712745,11.942002,11.603941,11.929058,13.182607,13.812022,14.755192,15.207797,15.903026,16.744692,17.260923,18.13957,19.390543,19.881763,20.074362,21.264364,21.652475,22.700914,23.453257,23.206509,23.294003,23.493219,23.545559,25.994442,27.243927,27.564116,27.551277,27.826616,29.439457,29.378988,30.544796,31.445803,31.280638,31.738722,29.084703,27.799564
Romania,ROU,,,,,,,,,,,,,,,,,,,,,,,,,,,,,,,,,,,,,,,,,,,,,,8.1923733,8.7196503,8.2047825,8.2504501,8.3982477,8.7063255,9.5553093,10.95467,11.721263,13.270844,14.113142,15.952578,17.815891,20.684237,20.887705,21.623081,22.214352,25.799992,26.24255,26.77807,28.864254,31.298994,33.353191
Russia,RUS,,,,,,,,,,,,,,,,,,,,,,,,,,,,,,,,,,,,,,,,,,,14.701906,12.767162,11.463222,11.096526,10.898945,10.456717,9.6346426,9.1317472,10.204453,10.387738,10.503565,11.435592,12.828995,14.696248,17.05549,19.792637,22.57509,20.676634,23.415195,26.708319,27.809864,28.132402,27.458197,24.142157,23.370552,23.9105
Saint Lucia,LCA,,,,,,,,,,,,,,,,,,,,,,,,,,,,,,,,,,,,9.2644997,10.129997,10.80791,11.185478,11.107075,11.665741,10.792454,10.772609,10.111172,9.337842,9.5028181,11.317702,10.636411,10.946546,9.9649601,9.8221712,8.3354645,,,,,,,,,,,,,,,,
Singapore,SGP,,,,,,,,,,,3.8847952,4.3113971,4.8509665,5.509089,5.4243259,5.7710814,6.359201,7.1890821,7.8397012,8.9876871,10.3009,10.832585,11.165365,11.526704,13.605501,13.955132,14.472525,15.076062,15.821642,17.267876,18.489614,18.133194,18.223667,19.045835,20.345108,18.806591,19.742884,20.979759,21.08629,20.298929,22.918968,20.894871,20.076614,18.904055,17.051355,16.941927,19.144566,19.2108,20.897701,21.863121,28.143967,26.007433,28.813831,26.997822,31.790226,42.10561,43.825172,44.301811,36.521801,34.447548,41.63641,43.99947,42.793999,41.677673,45.365833,45.118176,45.456043,48.246395
Slovakia,SVK,,,,,,,,,,,,,,,,,,,,,,,,,,,,,,,,,,,,,,,,,19.252087,16.471275,16.339151,16.506237,17.441214,17.983747,19.161283,19.897287,19.604002,19.285925,20.509253,21.69187,22.615025,23.276735,22.914267,25.415373,26.389233,27.677992,29.592136,28.853695,31.523878,31.539068,31.661573,31.856274,32.51693,31.958994,32.289009,32.731033
Slovenia,SVN,,,,,,,,,,,,,,,,,,,,,,,,,,,,,,,,,,,,,,,,,,,,,,22.42812,24.174484,25.228989,24.810051,25.21435,26.303816,26.570093,26.393761,27.023327,27.756048,31.134966,31.19363,31.404945,33.493172,31.338003,32.622787,34.491257,35.057224,34.592617,34.702248,33.564655,33.966694,35.628292
South Africa,ZAF,,,,,,,,,,,,,,,,,,,,,,,,,,,,,,,,,,,,,,,,,,,,,,,,,,,,13.179679,13.181885,14.137589,14.641752,14.736291,15.47813,16.541586,16.648008,16.7883,17.801285,17.750896,17.676292,17.453863,17.473833,17.025166,16.885654,16.673927
South Korea,KOR,,,,1.4363902,1.4568065,1.5338231,1.5386804,1.6481717,1.6715766,1.6668432,1.6497203,1.6962011,1.6371397,1.7543225,1.9356046,1.8526944,2.0704362,2.0831008,2.1787748,2.3651412,2.58056,2.8555498,3.0270588,3.454932,3.8796463,4.3020616,4.3177357,4.6057353,4.7870607,4.9850717,4.7000074,4.8638787,5.07443,5.6036544,6.1876044,6.2713065,7.1064186,7.9001956,8.8715954,9.7509546,10.915829,12.048909,12.871272,13.903078,15.267266,16.73321,18.27681,17.988014,17.321232,18.826815,19.343603,19.596798,20.867996,21.972574,23.156965,24.856293,25.477766,27.152468,28.247784,28.269518,30.454895,30.957315,30.769899,30.885378,31.758259,32.598591,33.443001,34.063381
Spain,ESP,3.749707,4.4117179,4.6138787,4.429256,4.9381738,5.1842022,5.522573,5.7167268,5.8902006,5.8418031,6.6185293,7.3429971,8.0788279,8.8626842,9.4829721,9.9875231,10.638777,11.040279,11.947026,13.000243,13.334291,13.833059,14.814837,15.610851,16.214169,16.492647,17.367472,18.339729,19.68532,20.825672,22.224407,22.008652,21.721027,21.708662,22.380222,22.447086,23.499882,24.209206,25.186834,26.142153,26.575228,27.340019,28.588129,30.008434,31.51989,32.588024,33.300293,34.612404,35.199654,35.012821,35.446335,34.957146,35.251709,34.931374,35.23988,37.863857,39.985825,41.802025,42.418053,43.673996,44.376198,44.979164,47.039505,47.722145,47.99633,49.117661,49.611275,51.166035
Sri Lanka,LKA,,,,,,,,,,,,,,,,,,,,,5.411685,5.2556572,5.3193951,5.525281,5.7335777,5.4957595,5.0424342,4.6864061,4.6677384,4.2308011,4.2048087,4.5128546,4.4556065,4.4755354,4.5949297,5.0771379,5.1383133,5.2650232,5.2627931,5.3459659,5.4257584,5.4302697,5.9061031,6.0773473,6.6652918,6.8019209,6.9810576,7.4146829,7.4071798,7.3617606,7.0103154,7.2382412,8.1122351,9.0915899,8.7101727,8.7077026,9.5143747,10.397678,10.579543,11.958087,12.680842,13.664108,14.551908,16.188269,16.819962,17.75201,18.275047,18.845987
Sweden,SWE,9.3135777,9.6460629,9.7475166,10.214843,10.708964,11.086463,11.608849,11.65848,11.961654,12.631723,12.850406,13.556516,14.109771,14.820919,15.953491,16.455084,16.837975,17.978148,18.858437,19.649834,20.595882,21.295525,22.271084,23.359753,23.707594,24.060511,23.948282,23.800276,24.876678,25.43255,25.287685,25.765833,25.850328,26.342127,27.390287,27.702642,29.532806,30.435497,30.848614,31.27763,31.584309,32.18689,33.023083,32.930569,34.592773,36.374081,37.536869,39.19149,40.153904,41.442719,43.837803,42.454762,43.205326,45.140656,46.927265,48.702824,50.185143,51.946018,52.568012,50.203243,51.550301,53.324692,53.895897,52.964497,52.183731,53.316845,52.277542,54.095798
Switzerland,CHE,13.755384,14.466039,14.265388,14.782806,15.663818,16.55069,17.304527,17.616962,17.198545,18.570232,19.644293,20.30913,20.479395,21.072065,21.928774,22.600174,23.20771,23.821196,24.526016,25.463591,26.666979,27.507683,28.398193,29.34095,30.168015,28.686878,28.966627,29.862709,30.440948,31.493221,32.674221,32.497658,32.428082,32.958683,33.393913,33.644577,34.96983,34.884418,34.744297,35.727234,36.801765,35.861683,36.340626,37.194111,37.88168,38.973148,40.029587,41.998623,42.469669,43.138912,43.548088,43.743847,44.39362,45.040958,45.773201,49.400242,51.734818,56.079521,59.399303,58.402611,60.988441,65.260918,66.947632,68.069656,69.212776,68.097389,67.68856,69.256592
Taiwan,TWN,,1.6729151,1.8295351,1.9940722,2.1461239,2.285095,2.3857563,2.5258973,2.6685727,2.8837121,3.0625846,3.1425402,3.2812347,3.5005012,3.8612237,4.2794647,4.5434718,4.8073411,5.1096606,5.2821059,5.5786657,6.1158366,6.7371287,7.10853,7.1130843,7.390986,8.344099,8.8323841,9.709836,9.9926167,10.822056,11.313329,11.772607,12.442025,13.289293,13.101109,14.67983,16.174582,17.278013,18.644661,20.666098,21.801857,22.851614,23.466629,24.661728,25.460447,27.437317,29.610477,29.889528,30.939945,32.614681,32.703625,33.845913,34.374157,35.002575,37.025234,36.703526,37.255722,36.419056,35.879715,38.292358,39.260715,38.479519,39.08601,40.906307,40.959194,42.738758,43.47332
Thailand,THA,,,,,,,,,,,,,,,,,,,,,2.1819496,2.2195685,2.5050879,2.4515471,2.4901617,2.5068989,2.617445,2.7585428,2.7553186,2.8036926,2.6412132,2.7670476,3.1381042,2.8316355,2.8412185,2.9647026,2.9013543,3.0823689,3.1883211,3.2362373,3.7087846,3.8489113,4.0645313,4.5699396,4.88799,5.4783282,6.2385659,5.7028332,4.8655472,5.0912862,5.088522,5.4017973,5.7476411,6.1504655,6.4544826,7.1672063,7.595293,7.9467874,8.2848186,8.0090408,9.0369587,9.4008026,10.307821,10.834773,11.119384,11.716516,12.072452,12.848203
Trinidad and Tobago,TTO,,,,,,,,,,,,,,,,,,,,,,,,,,,,,,,,,,,,,,,,,,20.09968,19.057653,17.651609,16.969936,16.247993,15.312459,14.912743,14.031085,16.15819,18.826574,17.300467,17.7778,,,,,,,,,,,,,,,
Turkey,TUR,,,,,,,,,,,,,,,,,,,,,9.7152719,9.8769131,10.509879,10.972129,12.270225,13.139648,14.443499,13.776988,13.138212,12.921111,12.593265,14.02202,13.925006,14.541535,15.721215,16.114084,16.957092,18.912376,18.9877,18.096487,19.182131,17.845724,18.255903,20.888775,18.472488,19.406322,21.001987,22.431061,21.60709,19.981384,21.893015,21.272215,21.081379,20.731674,22.9039,24.603884,27.537912,30.054497,31.684952,31.046587,33.715973,36.188934,37.3279,39.193764,40.63913,43.169426,42.886116,44.460178
United Kingdom,GBR,9.241622,9.3618612,9.4685307,9.893465,10.111663,10.426188,10.624001,10.934814,11.254846,11.849011,12.274201,12.668812,12.97224,13.517695,14.184694,14.582378,15.232635,15.916651,16.744274,17.153103,18.06889,18.953251,19.272156,20.209448,19.629646,19.625914,20.809666,21.649292,22.986151,24.093683,24.945171,25.637903,26.249666,27.167421,26.867298,26.988237,27.177847,27.755659,27.717958,27.325104,27.650463,27.933634,28.656321,29.743893,30.123682,32.983772,34.653767,36.149155,36.728088,37.803783,40.075096,40.496998,40.761047,41.479942,42.140167,44.554199,44.93306,44.38929,45.404144,43.292732,45.687309,46.154877,46.208519,47.605621,46.869606,47.818005,47.326241,48.47868
United States,USA,18.140602,18.428661,18.856224,19.512449,20.034237,20.884556,21.015562,21.663401,22.211279,23.010408,23.487125,24.25445,25.088959,26.005913,26.880728,27.686653,28.474615,28.837688,29.659887,29.88081,30.454054,31.734072,32.629818,33.607967,33.173157,33.968956,34.92168,35.379436,35.834381,36.03878,36.034557,36.81805,36.580647,37.573624,38.53056,38.96814,39.760429,39.943665,40.454117,40.781513,41.33522,41.850613,43.590973,44.014053,44.520851,44.88369,45.857944,46.770359,47.856991,49.21479,50.509956,51.485168,52.848087,54.607567,56.122726,57.302429,57.924629,58.592964,59.200611,60.894161,62.596642,62.71867,63.18409,63.722698,64.186951,64.56395,64.715569,65.512207
Uruguay,URY,,,,,,,,,,,,,,,,,,,,,,,,,,,,,,,,,,,,,,,,,10.998369,11.686223,12.969623,13.335964,14.079898,13.789325,15.027503,15.246481,16.475063,16.008389,15.676315,15.154122,14.820719,15.028112,14.68551,15.142659,15.367106,16.298527,17.669302,18.677153,21.182747,22.009409,24.295664,24.682686,25.307562,25.210814,25.694904,26.033661
Venezuela,VEN,7.5478311,8.1335726,9.077898,9.1032772,9.8269978,10.157681,10.68976,11.391913,11.717723,11.987491,10.955231,11.052633,11.607657,12.16325,13.209854,13.363421,13.133319,13.294883,14.500454,15.013263,16.62715,15.528718,15.510258,16.520229,19.49087,18.303972,19.689531,20.080412,18.761992,19.303806,16.876102,16.378145,15.274876,15.388285,15.808309,14.507582,12.959608,12.649525,12.391232,11.617335,11.973074,12.397735,12.448199,11.60274,10.677702,10.690738,10.387681,9.9979649,8.7254438,9.1173964,10.817652,10.039947,9.4608641,9.2923651,10.846614,13.34609,15.282747,,,,,,,,,,,
Vietnam,VNM,,,,,,,,,,,,,,,,,,,,,0.7653636,0.7537016,0.843436,0.7923938,0.8207877,0.7251787,0.7861463,0.8755842,0.8739468,0.9282178,0.9311109,0.9150859,0.8796166,0.895425,0.9210881,0.9411678,0.9166509,0.9184849,0.9457802,0.9185069,0.9175378,1.0096093,1.0640053,1.1709788,1.2156523,1.2822703,1.4304736,1.7518899,1.7321144,1.6941166,1.7944782,2.0123045,2.1616361,2.2803051,2.4667177,2.6798675,2.8026569,3.1079249,3.1511092,2.9808087,3.4850793,3.629915,3.7662969,3.9935246,4.4392929,4.4738555,4.5026927,4.8189182
